filename,surface_dice,hausdorff_distance,iou,dice
CRIS.pytorch/exp/camus_80_10_10_p2_i/CRIS_R50/pred/patient0017_4CH_ES_gt_3.png,0.0000,21674.8702,0.0000,0.0000
CRIS.pytorch/exp/camus_80_10_10_p2_i/CRIS_R50/pred/patient0102_2CH_ES_gt_1.png,0.0000,18389.6710,0.0000,0.0000
CRIS.pytorch/exp/camus_80_10_10_p2_i/CRIS_R50/pred/patient0187_2CH_ED_gt_1.png,0.0000,21804.8160,0.0000,0.0000
CRIS.pytorch/exp/camus_80_10_10_p2_i/CRIS_R50/pred/patient0310_2CH_ES_gt_2.png,0.7190,13398.8806,19.0598,32.0172
CRIS.pytorch/exp/camus_80_10_10_p2_i/CRIS_R50/pred/patient0216_2CH_ES_gt_2.png,0.5952,14956.6039,9.1415,16.7516
CRIS.pytorch/exp/camus_80_10_10_p2_i/CRIS_R50/pred/patient0270_2CH_ES_gt_1.png,0.0000,18124.5690,0.0000,0.0000
CRIS.pytorch/exp/camus_80_10_10_p2_i/CRIS_R50/pred/patient0270_2CH_ES_gt_2.png,0.8111,11054.8632,18.9340,31.8395
CRIS.pytorch/exp/camus_80_10_10_p2_i/CRIS_R50/pred/patient0323_4CH_ED_gt_3.png,0.0000,24904.6180,0.0000,0.0000
CRIS.pytorch/exp/camus_80_10_10_p2_i/CRIS_R50/pred/patient0226_2CH_ED_gt_3.png,0.0000,24481.2173,0.0000,0.0000
CRIS.pytorch/exp/camus_80_10_10_p2_i/CRIS_R50/pred/patient0395_4CH_ES_gt_2.png,1.0178,11278.7411,14.1380,24.7735
CRIS.pytorch/exp/camus_80_10_10_p2_i/CRIS_R50/pred/patient0387_2CH_ES_gt_2.png,1.9954,8401.1904,3.8215,7.3616
CRIS.pytorch/exp/camus_80_10_10_p2_i/CRIS_R50/pred/patient0328_2CH_ES_gt_1.png,0.0000,17511.4248,0.0000,0.0000
CRIS.pytorch/exp/camus_80_10_10_p2_i/CRIS_R50/pred/patient0089_2CH_ES_gt_3.png,0.0000,27540.8787,0.0000,0.0000
CRIS.pytorch/exp/camus_80_10_10_p2_i/CRIS_R50/pred/patient0387_4CH_ES_gt_1.png,0.0000,16311.0392,0.0000,0.0000
CRIS.pytorch/exp/camus_80_10_10_p2_i/CRIS_R50/pred/patient0395_2CH_ED_gt_3.png,0.0000,29108.4180,0.0000,0.0000
CRIS.pytorch/exp/camus_80_10_10_p2_i/CRIS_R50/pred/patient0208_4CH_ED_gt_2.png,1.5216,7616.4296,16.6863,28.6002
CRIS.pytorch/exp/camus_80_10_10_p2_i/CRIS_R50/pred/patient0284_4CH_ES_gt_1.png,0.0000,17108.1852,0.0000,0.0000
CRIS.pytorch/exp/camus_80_10_10_p2_i/CRIS_R50/pred/patient0102_4CH_ES_gt_2.png,0.5225,16552.0391,7.7513,14.3874
CRIS.pytorch/exp/camus_80_10_10_p2_i/CRIS_R50/pred/patient0400_4CH_ES_gt_3.png,0.0000,26284.0256,0.0000,0.0000
CRIS.pytorch/exp/camus_80_10_10_p2_i/CRIS_R50/pred/patient0368_4CH_ES_gt_2.png,0.7613,13928.3883,14.4276,25.2170
CRIS.pytorch/exp/camus_80_10_10_p2_i/CRIS_R50/pred/patient0178_4CH_ED_gt_1.png,0.0000,18146.6250,0.0000,0.0000
CRIS.pytorch/exp/camus_80_10_10_p2_i/CRIS_R50/pred/patient0419_2CH_ES_gt_2.png,1.3434,8300.6024,19.9858,33.3136
CRIS.pytorch/exp/camus_80_10_10_p2_i/CRIS_R50/pred/patient0208_4CH_ED_gt_1.png,0.0000,22380.5719,0.0000,0.0000
CRIS.pytorch/exp/camus_80_10_10_p2_i/CRIS_R50/pred/patient0052_4CH_ED_gt_3.png,0.0000,29910.7004,0.0000,0.0000
CRIS.pytorch/exp/camus_80_10_10_p2_i/CRIS_R50/pred/patient0120_4CH_ED_gt_3.png,0.0000,24042.0465,0.0000,0.0000
CRIS.pytorch/exp/camus_80_10_10_p2_i/CRIS_R50/pred/patient0178_2CH_ED_gt_2.png,1.7738,6413.2675,22.3752,36.5681
CRIS.pytorch/exp/camus_80_10_10_p2_i/CRIS_R50/pred/patient0395_2CH_ED_gt_2.png,0.4619,11237.8824,16.6245,28.5095
CRIS.pytorch/exp/camus_80_10_10_p2_i/CRIS_R50/pred/patient0354_4CH_ES_gt_3.png,0.0000,30390.7881,0.0000,0.0000
CRIS.pytorch/exp/camus_80_10_10_p2_i/CRIS_R50/pred/patient0368_4CH_ED_gt_2.png,0.5828,13612.4943,12.7089,22.5517
CRIS.pytorch/exp/camus_80_10_10_p2_i/CRIS_R50/pred/patient0443_4CH_ED_gt_2.png,0.6986,9908.0775,18.1740,30.7580
CRIS.pytorch/exp/camus_80_10_10_p2_i/CRIS_R50/pred/patient0046_4CH_ED_gt_3.png,0.0000,24203.3056,0.0000,0.0000
CRIS.pytorch/exp/camus_80_10_10_p2_i/CRIS_R50/pred/patient0216_4CH_ES_gt_2.png,0.5384,16866.8314,6.9808,13.0505
CRIS.pytorch/exp/camus_80_10_10_p2_i/CRIS_R50/pred/patient0241_2CH_ES_gt_3.png,0.0000,28148.5346,0.0000,0.0000
CRIS.pytorch/exp/camus_80_10_10_p2_i/CRIS_R50/pred/patient0071_2CH_ES_gt_3.png,0.0000,24559.5195,0.0000,0.0000
CRIS.pytorch/exp/camus_80_10_10_p2_i/CRIS_R50/pred/patient0017_4CH_ED_gt_1.png,0.0000,16657.1306,0.0000,0.0000
CRIS.pytorch/exp/camus_80_10_10_p2_i/CRIS_R50/pred/patient0395_2CH_ES_gt_2.png,1.2361,12369.3169,13.3809,23.6034
CRIS.pytorch/exp/camus_80_10_10_p2_i/CRIS_R50/pred/patient0323_4CH_ES_gt_2.png,1.5193,16843.9900,6.7713,12.6838
CRIS.pytorch/exp/camus_80_10_10_p2_i/CRIS_R50/pred/patient0241_4CH_ED_gt_1.png,0.0000,19413.9125,0.0000,0.0000
CRIS.pytorch/exp/camus_80_10_10_p2_i/CRIS_R50/pred/patient0387_4CH_ED_gt_2.png,0.4320,11132.8343,11.3861,20.4443
CRIS.pytorch/exp/camus_80_10_10_p2_i/CRIS_R50/pred/patient0102_2CH_ES_gt_3.png,0.0000,22826.5197,0.0000,0.0000
CRIS.pytorch/exp/camus_80_10_10_p2_i/CRIS_R50/pred/patient0123_2CH_ED_gt_2.png,2.2828,11353.4136,12.0147,21.4520
CRIS.pytorch/exp/camus_80_10_10_p2_i/CRIS_R50/pred/patient0198_2CH_ES_gt_2.png,0.6749,10031.9490,24.2055,38.9766
CRIS.pytorch/exp/camus_80_10_10_p2_i/CRIS_R50/pred/patient0071_2CH_ED_gt_3.png,0.0000,26709.7361,0.0000,0.0000
CRIS.pytorch/exp/camus_80_10_10_p2_i/CRIS_R50/pred/patient0042_4CH_ED_gt_3.png,0.0000,28738.3020,0.0000,0.0000
CRIS.pytorch/exp/camus_80_10_10_p2_i/CRIS_R50/pred/patient0400_2CH_ED_gt_2.png,4.1852,7700.6493,10.1703,18.4629
CRIS.pytorch/exp/camus_80_10_10_p2_i/CRIS_R50/pred/patient0269_4CH_ES_gt_3.png,0.0000,29483.7243,0.0000,0.0000
CRIS.pytorch/exp/camus_80_10_10_p2_i/CRIS_R50/pred/patient0071_2CH_ED_gt_2.png,0.3513,13960.6590,5.5051,10.4358
CRIS.pytorch/exp/camus_80_10_10_p2_i/CRIS_R50/pred/patient0324_2CH_ED_gt_2.png,0.7609,10400.0000,7.6520,14.2161
CRIS.pytorch/exp/camus_80_10_10_p2_i/CRIS_R50/pred/patient0324_2CH_ES_gt_2.png,0.5149,14358.9693,12.2237,21.7845
CRIS.pytorch/exp/camus_80_10_10_p2_i/CRIS_R50/pred/patient0328_4CH_ED_gt_1.png,0.0000,18500.2703,0.0000,0.0000
CRIS.pytorch/exp/camus_80_10_10_p2_i/CRIS_R50/pred/patient0269_2CH_ED_gt_2.png,0.9169,7433.0344,20.3342,33.7962
CRIS.pytorch/exp/camus_80_10_10_p2_i/CRIS_R50/pred/patient0395_2CH_ES_gt_1.png,0.0000,18298.9071,0.0000,0.0000
CRIS.pytorch/exp/camus_80_10_10_p2_i/CRIS_R50/pred/patient0197_4CH_ED_gt_3.png,0.0000,33510.7445,0.0000,0.0000
CRIS.pytorch/exp/camus_80_10_10_p2_i/CRIS_R50/pred/patient0318_2CH_ES_gt_3.png,0.0000,28624.4651,0.0000,0.0000
CRIS.pytorch/exp/camus_80_10_10_p2_i/CRIS_R50/pred/patient0178_4CH_ED_gt_2.png,0.9292,13363.3828,12.9061,22.8617
CRIS.pytorch/exp/camus_80_10_10_p2_i/CRIS_R50/pred/patient0198_4CH_ES_gt_2.png,0.6745,10837.4351,18.9860,31.9130
CRIS.pytorch/exp/camus_80_10_10_p2_i/CRIS_R50/pred/patient0301_4CH_ES_gt_1.png,0.0000,17758.9414,0.0000,0.0000
CRIS.pytorch/exp/camus_80_10_10_p2_i/CRIS_R50/pred/patient0270_4CH_ES_gt_1.png,0.0000,18458.8732,0.0000,0.0000
CRIS.pytorch/exp/camus_80_10_10_p2_i/CRIS_R50/pred/patient0225_4CH_ED_gt_2.png,1.7094,12586.5007,10.2573,18.6062
CRIS.pytorch/exp/camus_80_10_10_p2_i/CRIS_R50/pred/patient0226_4CH_ED_gt_3.png,0.0000,24216.5233,0.0000,0.0000
CRIS.pytorch/exp/camus_80_10_10_p2_i/CRIS_R50/pred/patient0034_2CH_ED_gt_2.png,0.7238,6281.7195,24.1856,38.9507
CRIS.pytorch/exp/camus_80_10_10_p2_i/CRIS_R50/pred/patient0354_4CH_ED_gt_1.png,0.0000,20670.0266,0.0000,0.0000
CRIS.pytorch/exp/camus_80_10_10_p2_i/CRIS_R50/pred/patient0017_2CH_ES_gt_1.png,0.0000,16754.7008,0.0000,0.0000
CRIS.pytorch/exp/camus_80_10_10_p2_i/CRIS_R50/pred/patient0086_4CH_ES_gt_3.png,0.0000,19345.8006,0.0000,0.0000
CRIS.pytorch/exp/camus_80_10_10_p2_i/CRIS_R50/pred/patient0354_4CH_ED_gt_3.png,0.0000,31819.8052,0.0000,0.0000
CRIS.pytorch/exp/camus_80_10_10_p2_i/CRIS_R50/pred/patient0208_2CH_ES_gt_2.png,0.6803,13753.9085,9.5833,17.4904
CRIS.pytorch/exp/camus_80_10_10_p2_i/CRIS_R50/pred/patient0225_2CH_ED_gt_3.png,0.0000,22549.9446,0.0000,0.0000
CRIS.pytorch/exp/camus_80_10_10_p2_i/CRIS_R50/pred/patient0324_4CH_ED_gt_3.png,0.0000,25797.8681,0.0000,0.0000
CRIS.pytorch/exp/camus_80_10_10_p2_i/CRIS_R50/pred/patient0197_2CH_ES_gt_3.png,0.0000,28687.6280,0.0000,0.0000
CRIS.pytorch/exp/camus_80_10_10_p2_i/CRIS_R50/pred/patient0123_2CH_ED_gt_1.png,0.0000,17951.3231,0.0000,0.0000
CRIS.pytorch/exp/camus_80_10_10_p2_i/CRIS_R50/pred/patient0301_4CH_ED_gt_2.png,2.0619,5099.0195,25.4468,40.5699
CRIS.pytorch/exp/camus_80_10_10_p2_i/CRIS_R50/pred/patient0400_4CH_ES_gt_2.png,3.6991,6040.6953,28.2318,44.0324
CRIS.pytorch/exp/camus_80_10_10_p2_i/CRIS_R50/pred/patient0187_2CH_ES_gt_2.png,0.3033,13652.8385,3.4599,6.6883
CRIS.pytorch/exp/camus_80_10_10_p2_i/CRIS_R50/pred/patient0216_4CH_ES_gt_3.png,0.0000,22638.4628,0.0000,0.0000
CRIS.pytorch/exp/camus_80_10_10_p2_i/CRIS_R50/pred/patient0387_2CH_ES_gt_1.png,0.0000,18425.2544,0.0000,0.0000
CRIS.pytorch/exp/camus_80_10_10_p2_i/CRIS_R50/pred/patient0134_2CH_ES_gt_2.png,1.2539,10744.7662,19.5677,32.7307
CRIS.pytorch/exp/camus_80_10_10_p2_i/CRIS_R50/pred/patient0102_4CH_ED_gt_3.png,0.0000,24424.7825,0.0000,0.0000
CRIS.pytorch/exp/camus_80_10_10_p2_i/CRIS_R50/pred/patient0034_4CH_ED_gt_3.png,0.0000,26280.0304,0.0000,0.0000
CRIS.pytorch/exp/camus_80_10_10_p2_i/CRIS_R50/pred/patient0187_2CH_ED_gt_2.png,1.0412,10493.8077,15.7077,27.1506
CRIS.pytorch/exp/camus_80_10_10_p2_i/CRIS_R50/pred/patient0071_4CH_ES_gt_3.png,0.0000,22257.5830,0.0000,0.0000
CRIS.pytorch/exp/camus_80_10_10_p2_i/CRIS_R50/pred/patient0241_2CH_ES_gt_1.png,0.0000,16681.1271,0.0000,0.0000
CRIS.pytorch/exp/camus_80_10_10_p2_i/CRIS_R50/pred/patient0225_2CH_ES_gt_2.png,0.5468,9118.1138,21.3588,35.1994
CRIS.pytorch/exp/camus_80_10_10_p2_i/CRIS_R50/pred/patient0120_4CH_ES_gt_2.png,0.9986,18113.5309,7.0821,13.2275
CRIS.pytorch/exp/camus_80_10_10_p2_i/CRIS_R50/pred/patient0354_2CH_ES_gt_3.png,0.0000,26967.0169,0.0000,0.0000
CRIS.pytorch/exp/camus_80_10_10_p2_i/CRIS_R50/pred/patient0395_4CH_ED_gt_3.png,0.0000,32199.5342,0.0000,0.0000
CRIS.pytorch/exp/camus_80_10_10_p2_i/CRIS_R50/pred/patient0400_4CH_ED_gt_2.png,0.8475,10904.1277,20.9563,34.6510
CRIS.pytorch/exp/camus_80_10_10_p2_i/CRIS_R50/pred/patient0241_2CH_ED_gt_1.png,0.0000,19949.1854,0.0000,0.0000
CRIS.pytorch/exp/camus_80_10_10_p2_i/CRIS_R50/pred/patient0405_2CH_ES_gt_1.png,0.0000,19103.9263,0.0000,0.0000
CRIS.pytorch/exp/camus_80_10_10_p2_i/CRIS_R50/pred/patient0368_4CH_ED_gt_3.png,0.0000,27725.2592,0.0000,0.0000
CRIS.pytorch/exp/camus_80_10_10_p2_i/CRIS_R50/pred/patient0318_4CH_ES_gt_3.png,0.0000,29977.4916,0.0000,0.0000
CRIS.pytorch/exp/camus_80_10_10_p2_i/CRIS_R50/pred/patient0323_4CH_ES_gt_1.png,0.0000,18317.4780,0.0000,0.0000
CRIS.pytorch/exp/camus_80_10_10_p2_i/CRIS_R50/pred/patient0034_2CH_ED_gt_3.png,0.0000,24968.9808,0.0000,0.0000
CRIS.pytorch/exp/camus_80_10_10_p2_i/CRIS_R50/pred/patient0226_2CH_ES_gt_2.png,2.0293,10120.2767,0.6631,1.3175
CRIS.pytorch/exp/camus_80_10_10_p2_i/CRIS_R50/pred/patient0032_4CH_ES_gt_3.png,0.0000,25529.0031,0.0000,0.0000
CRIS.pytorch/exp/camus_80_10_10_p2_i/CRIS_R50/pred/patient0284_2CH_ED_gt_2.png,0.4804,12528.3678,1.2916,2.5502
CRIS.pytorch/exp/camus_80_10_10_p2_i/CRIS_R50/pred/patient0400_4CH_ED_gt_1.png,0.0000,17990.2752,0.0000,0.0000
CRIS.pytorch/exp/camus_80_10_10_p2_i/CRIS_R50/pred/patient0120_2CH_ED_gt_1.png,0.0000,17181.6763,0.0000,0.0000
CRIS.pytorch/exp/camus_80_10_10_p2_i/CRIS_R50/pred/patient0368_2CH_ED_gt_1.png,0.8147,16075.1361,0.0194,0.0387
CRIS.pytorch/exp/camus_80_10_10_p2_i/CRIS_R50/pred/patient0111_2CH_ES_gt_2.png,0.5774,12868.9549,4.0303,7.7484
CRIS.pytorch/exp/camus_80_10_10_p2_i/CRIS_R50/pred/patient0443_4CH_ED_gt_1.png,0.0000,20191.0871,0.0000,0.0000
CRIS.pytorch/exp/camus_80_10_10_p2_i/CRIS_R50/pred/patient0226_4CH_ED_gt_2.png,2.9515,9219.5445,17.2516,29.4266
CRIS.pytorch/exp/camus_80_10_10_p2_i/CRIS_R50/pred/patient0197_2CH_ES_gt_1.png,0.0000,14773.2867,0.0000,0.0000
CRIS.pytorch/exp/camus_80_10_10_p2_i/CRIS_R50/pred/patient0270_2CH_ES_gt_3.png,0.0000,29099.8282,0.0000,0.0000
CRIS.pytorch/exp/camus_80_10_10_p2_i/CRIS_R50/pred/patient0387_4CH_ED_gt_3.png,0.0000,27911.4672,0.0000,0.0000
CRIS.pytorch/exp/camus_80_10_10_p2_i/CRIS_R50/pred/patient0052_2CH_ED_gt_3.png,0.0000,27041.4497,0.0000,0.0000
CRIS.pytorch/exp/camus_80_10_10_p2_i/CRIS_R50/pred/patient0323_4CH_ES_gt_3.png,0.0000,23475.9451,0.0000,0.0000
CRIS.pytorch/exp/camus_80_10_10_p2_i/CRIS_R50/pred/patient0111_2CH_ES_gt_1.png,0.0000,16868.0171,0.0000,0.0000
CRIS.pytorch/exp/camus_80_10_10_p2_i/CRIS_R50/pred/patient0017_2CH_ED_gt_1.png,0.0000,15784.8028,0.0000,0.0000
CRIS.pytorch/exp/camus_80_10_10_p2_i/CRIS_R50/pred/patient0449_4CH_ES_gt_3.png,0.0000,30901.4563,0.0000,0.0000
CRIS.pytorch/exp/camus_80_10_10_p2_i/CRIS_R50/pred/patient0449_2CH_ES_gt_2.png,0.6892,10000.0000,15.6050,26.9972
CRIS.pytorch/exp/camus_80_10_10_p2_i/CRIS_R50/pred/patient0178_2CH_ED_gt_3.png,0.0000,29516.9443,0.0000,0.0000
CRIS.pytorch/exp/camus_80_10_10_p2_i/CRIS_R50/pred/patient0449_2CH_ES_gt_3.png,0.0000,20686.4690,0.0000,0.0000
CRIS.pytorch/exp/camus_80_10_10_p2_i/CRIS_R50/pred/patient0120_2CH_ED_gt_3.png,0.0000,24124.8834,0.0000,0.0000
CRIS.pytorch/exp/camus_80_10_10_p2_i/CRIS_R50/pred/patient0323_4CH_ED_gt_2.png,0.5096,15526.1070,8.4084,15.5124
CRIS.pytorch/exp/camus_80_10_10_p2_i/CRIS_R50/pred/patient0354_2CH_ED_gt_3.png,0.0000,27937.2511,0.0000,0.0000
CRIS.pytorch/exp/camus_80_10_10_p2_i/CRIS_R50/pred/patient0226_4CH_ES_gt_1.png,0.0000,17262.6765,0.0000,0.0000
CRIS.pytorch/exp/camus_80_10_10_p2_i/CRIS_R50/pred/patient0123_4CH_ED_gt_1.png,0.0000,17670.5970,0.0000,0.0000
CRIS.pytorch/exp/camus_80_10_10_p2_i/CRIS_R50/pred/patient0120_4CH_ED_gt_1.png,0.0000,18588.4373,0.0000,0.0000
CRIS.pytorch/exp/camus_80_10_10_p2_i/CRIS_R50/pred/patient0226_4CH_ES_gt_3.png,0.0000,22032.0221,0.0000,0.0000
CRIS.pytorch/exp/camus_80_10_10_p2_i/CRIS_R50/pred/patient0269_2CH_ES_gt_1.png,0.0000,15892.7656,0.0000,0.0000
CRIS.pytorch/exp/camus_80_10_10_p2_i/CRIS_R50/pred/patient0301_2CH_ES_gt_1.png,0.0000,16363.6793,0.0000,0.0000
CRIS.pytorch/exp/camus_80_10_10_p2_i/CRIS_R50/pred/patient0449_4CH_ES_gt_1.png,0.0000,20701.9323,0.0000,0.0000
CRIS.pytorch/exp/camus_80_10_10_p2_i/CRIS_R50/pred/patient0111_4CH_ES_gt_2.png,0.5161,16058.0198,7.5589,14.0554
CRIS.pytorch/exp/camus_80_10_10_p2_i/CRIS_R50/pred/patient0089_2CH_ED_gt_1.png,0.0000,17617.3210,0.0000,0.0000
CRIS.pytorch/exp/camus_80_10_10_p2_i/CRIS_R50/pred/patient0226_2CH_ED_gt_2.png,1.4225,6281.7195,18.9312,31.8355
CRIS.pytorch/exp/camus_80_10_10_p2_i/CRIS_R50/pred/patient0270_2CH_ED_gt_3.png,0.0000,30276.8889,0.0000,0.0000
CRIS.pytorch/exp/camus_80_10_10_p2_i/CRIS_R50/pred/patient0328_2CH_ED_gt_3.png,0.0000,27346.8463,0.0000,0.0000
CRIS.pytorch/exp/camus_80_10_10_p2_i/CRIS_R50/pred/patient0032_2CH_ES_gt_3.png,0.0000,23008.2594,0.0000,0.0000
CRIS.pytorch/exp/camus_80_10_10_p2_i/CRIS_R50/pred/patient0111_4CH_ES_gt_3.png,0.0000,24752.3736,0.0000,0.0000
CRIS.pytorch/exp/camus_80_10_10_p2_i/CRIS_R50/pred/patient0086_2CH_ED_gt_2.png,2.5316,13238.2023,20.6916,34.2884
CRIS.pytorch/exp/camus_80_10_10_p2_i/CRIS_R50/pred/patient0042_2CH_ES_gt_3.png,0.0000,28938.5556,0.0000,0.0000
CRIS.pytorch/exp/camus_80_10_10_p2_i/CRIS_R50/pred/patient0400_2CH_ES_gt_2.png,1.6138,8065.9779,25.8421,41.0706
CRIS.pytorch/exp/camus_80_10_10_p2_i/CRIS_R50/pred/patient0310_4CH_ED_gt_1.png,0.0000,20645.5806,0.0000,0.0000
CRIS.pytorch/exp/camus_80_10_10_p2_i/CRIS_R50/pred/patient0197_2CH_ED_gt_3.png,0.0000,29024.3002,0.0000,0.0000
CRIS.pytorch/exp/camus_80_10_10_p2_i/CRIS_R50/pred/patient0211_4CH_ED_gt_1.png,0.2723,22925.9678,0.0500,0.1000
CRIS.pytorch/exp/camus_80_10_10_p2_i/CRIS_R50/pred/patient0269_4CH_ED_gt_2.png,0.1162,11076.5518,20.0950,33.4652
CRIS.pytorch/exp/camus_80_10_10_p2_i/CRIS_R50/pred/patient0216_2CH_ES_gt_1.png,0.0000,17861.9708,0.0000,0.0000
CRIS.pytorch/exp/camus_80_10_10_p2_i/CRIS_R50/pred/patient0178_2CH_ES_gt_3.png,0.0000,29179.6162,0.0000,0.0000
CRIS.pytorch/exp/camus_80_10_10_p2_i/CRIS_R50/pred/patient0042_4CH_ES_gt_1.png,0.0000,19305.1807,0.0000,0.0000
CRIS.pytorch/exp/camus_80_10_10_p2_i/CRIS_R50/pred/patient0395_2CH_ED_gt_1.png,0.0000,18094.4743,0.0000,0.0000
CRIS.pytorch/exp/camus_80_10_10_p2_i/CRIS_R50/pred/patient0324_4CH_ES_gt_2.png,0.5178,13790.5765,9.8255,17.8929
CRIS.pytorch/exp/camus_80_10_10_p2_i/CRIS_R50/pred/patient0089_4CH_ED_gt_2.png,2.3669,6500.0000,25.9278,41.1788
CRIS.pytorch/exp/camus_80_10_10_p2_i/CRIS_R50/pred/patient0318_4CH_ES_gt_1.png,0.0000,19399.2268,0.0000,0.0000
CRIS.pytorch/exp/camus_80_10_10_p2_i/CRIS_R50/pred/patient0216_4CH_ED_gt_3.png,0.0000,22840.5341,0.0000,0.0000
CRIS.pytorch/exp/camus_80_10_10_p2_i/CRIS_R50/pred/patient0419_4CH_ED_gt_3.png,0.0000,33510.7445,0.0000,0.0000
CRIS.pytorch/exp/camus_80_10_10_p2_i/CRIS_R50/pred/patient0017_4CH_ES_gt_2.png,0.8141,15901.2578,10.0176,18.2109
CRIS.pytorch/exp/camus_80_10_10_p2_i/CRIS_R50/pred/patient0034_2CH_ES_gt_3.png,0.0000,23418.1554,0.0000,0.0000
CRIS.pytorch/exp/camus_80_10_10_p2_i/CRIS_R50/pred/patient0071_4CH_ES_gt_1.png,0.0000,17270.7846,0.0000,0.0000
CRIS.pytorch/exp/camus_80_10_10_p2_i/CRIS_R50/pred/patient0032_2CH_ES_gt_2.png,0.0000,18573.3680,0.0000,0.0000
CRIS.pytorch/exp/camus_80_10_10_p2_i/CRIS_R50/pred/patient0102_2CH_ES_gt_2.png,0.3950,14847.5587,16.8238,28.8020
CRIS.pytorch/exp/camus_80_10_10_p2_i/CRIS_R50/pred/patient0225_4CH_ES_gt_3.png,0.0000,24167.1264,0.0000,0.0000
CRIS.pytorch/exp/camus_80_10_10_p2_i/CRIS_R50/pred/patient0392_2CH_ED_gt_2.png,0.4582,13209.8448,10.5740,19.1257
CRIS.pytorch/exp/camus_80_10_10_p2_i/CRIS_R50/pred/patient0395_2CH_ES_gt_3.png,0.0000,28456.9851,0.0000,0.0000
CRIS.pytorch/exp/camus_80_10_10_p2_i/CRIS_R50/pred/patient0034_4CH_ES_gt_3.png,0.0000,23930.1066,0.0000,0.0000
CRIS.pytorch/exp/camus_80_10_10_p2_i/CRIS_R50/pred/patient0328_4CH_ED_gt_2.png,0.8037,12539.9362,16.0828,27.7092
CRIS.pytorch/exp/camus_80_10_10_p2_i/CRIS_R50/pred/patient0120_2CH_ED_gt_2.png,0.4975,14983.3241,11.2424,20.2124
CRIS.pytorch/exp/camus_80_10_10_p2_i/CRIS_R50/pred/patient0052_2CH_ED_gt_1.png,0.8649,13124.4047,0.1981,0.3954
CRIS.pytorch/exp/camus_80_10_10_p2_i/CRIS_R50/pred/patient0191_2CH_ES_gt_3.png,0.0000,27023.6933,0.0000,0.0000
CRIS.pytorch/exp/camus_80_10_10_p2_i/CRIS_R50/pred/patient0368_2CH_ED_gt_3.png,0.0000,25037.9712,0.0000,0.0000
CRIS.pytorch/exp/camus_80_10_10_p2_i/CRIS_R50/pred/patient0120_4CH_ES_gt_3.png,0.0000,22507.7764,0.0000,0.0000
CRIS.pytorch/exp/camus_80_10_10_p2_i/CRIS_R50/pred/patient0052_4CH_ED_gt_1.png,0.0000,22917.2424,0.0000,0.0000
CRIS.pytorch/exp/camus_80_10_10_p2_i/CRIS_R50/pred/patient0178_4CH_ES_gt_3.png,0.0000,29618.4064,0.0000,0.0000
CRIS.pytorch/exp/camus_80_10_10_p2_i/CRIS_R50/pred/patient0318_4CH_ED_gt_2.png,0.6914,10100.0000,16.7198,28.6495
CRIS.pytorch/exp/camus_80_10_10_p2_i/CRIS_R50/pred/patient0086_4CH_ED_gt_1.png,0.0000,16694.0109,0.0000,0.0000
CRIS.pytorch/exp/camus_80_10_10_p2_i/CRIS_R50/pred/patient0226_2CH_ED_gt_1.png,1.6636,15199.0131,0.0737,0.1473
CRIS.pytorch/exp/camus_80_10_10_p2_i/CRIS_R50/pred/patient0191_2CH_ED_gt_3.png,0.0000,28582.8620,0.0000,0.0000
CRIS.pytorch/exp/camus_80_10_10_p2_i/CRIS_R50/pred/patient0368_2CH_ED_gt_2.png,2.3184,7789.7368,17.0576,29.1440
CRIS.pytorch/exp/camus_80_10_10_p2_i/CRIS_R50/pred/patient0225_2CH_ES_gt_3.png,0.0000,21602.0832,0.0000,0.0000
CRIS.pytorch/exp/camus_80_10_10_p2_i/CRIS_R50/pred/patient0270_4CH_ES_gt_2.png,0.5267,16824.0899,7.4943,13.9436
CRIS.pytorch/exp/camus_80_10_10_p2_i/CRIS_R50/pred/patient0328_2CH_ES_gt_3.png,0.0000,25238.2646,0.0000,0.0000
CRIS.pytorch/exp/camus_80_10_10_p2_i/CRIS_R50/pred/patient0310_2CH_ED_gt_2.png,0.6312,13502.9626,16.4213,28.2101
CRIS.pytorch/exp/camus_80_10_10_p2_i/CRIS_R50/pred/patient0017_4CH_ED_gt_2.png,1.1272,9021.0864,9.8452,17.9256
CRIS.pytorch/exp/camus_80_10_10_p2_i/CRIS_R50/pred/patient0017_4CH_ES_gt_1.png,0.0000,18027.7564,0.0000,0.0000
CRIS.pytorch/exp/camus_80_10_10_p2_i/CRIS_R50/pred/patient0071_4CH_ED_gt_1.png,0.0000,17473.4084,0.0000,0.0000
CRIS.pytorch/exp/camus_80_10_10_p2_i/CRIS_R50/pred/patient0111_2CH_ED_gt_1.png,0.0000,16240.9975,0.0000,0.0000
CRIS.pytorch/exp/camus_80_10_10_p2_i/CRIS_R50/pred/patient0211_2CH_ES_gt_2.png,0.4285,7488.6581,18.4073,31.0915
CRIS.pytorch/exp/camus_80_10_10_p2_i/CRIS_R50/pred/patient0323_2CH_ED_gt_3.png,0.0000,23348.2333,0.0000,0.0000
CRIS.pytorch/exp/camus_80_10_10_p2_i/CRIS_R50/pred/patient0211_4CH_ES_gt_3.png,0.0000,30886.8904,0.0000,0.0000
CRIS.pytorch/exp/camus_80_10_10_p2_i/CRIS_R50/pred/patient0031_4CH_ES_gt_1.png,0.0000,16308.2801,0.0000,0.0000
CRIS.pytorch/exp/camus_80_10_10_p2_i/CRIS_R50/pred/patient0123_2CH_ES_gt_3.png,0.0000,26806.9021,0.0000,0.0000
CRIS.pytorch/exp/camus_80_10_10_p2_i/CRIS_R50/pred/patient0284_4CH_ED_gt_3.png,0.0000,25800.9690,0.0000,0.0000
CRIS.pytorch/exp/camus_80_10_10_p2_i/CRIS_R50/pred/patient0197_4CH_ES_gt_1.png,0.0000,21541.1235,0.0000,0.0000
CRIS.pytorch/exp/camus_80_10_10_p2_i/CRIS_R50/pred/patient0225_2CH_ED_gt_1.png,0.0000,14843.1803,0.0000,0.0000
CRIS.pytorch/exp/camus_80_10_10_p2_i/CRIS_R50/pred/patient0034_4CH_ED_gt_1.png,0.0000,16003.1247,0.0000,0.0000
CRIS.pytorch/exp/camus_80_10_10_p2_i/CRIS_R50/pred/patient0323_2CH_ED_gt_1.png,0.0000,16633.7007,0.0000,0.0000
CRIS.pytorch/exp/camus_80_10_10_p2_i/CRIS_R50/pred/patient0178_4CH_ED_gt_3.png,0.0000,28829.4988,0.0000,0.0000
CRIS.pytorch/exp/camus_80_10_10_p2_i/CRIS_R50/pred/patient0318_2CH_ED_gt_2.png,0.6626,9284.9340,5.5811,10.5721
CRIS.pytorch/exp/camus_80_10_10_p2_i/CRIS_R50/pred/patient0310_4CH_ES_gt_2.png,0.9153,14862.7050,12.2691,21.8565
CRIS.pytorch/exp/camus_80_10_10_p2_i/CRIS_R50/pred/patient0197_2CH_ES_gt_2.png,0.6031,8600.0000,24.8771,39.8426
CRIS.pytorch/exp/camus_80_10_10_p2_i/CRIS_R50/pred/patient0052_2CH_ES_gt_1.png,0.9709,17944.6371,3.4858,6.7367
CRIS.pytorch/exp/camus_80_10_10_p2_i/CRIS_R50/pred/patient0226_2CH_ES_gt_3.png,0.0000,19773.9728,0.0000,0.0000
CRIS.pytorch/exp/camus_80_10_10_p2_i/CRIS_R50/pred/patient0111_2CH_ES_gt_3.png,0.0000,23754.1575,0.0000,0.0000
CRIS.pytorch/exp/camus_80_10_10_p2_i/CRIS_R50/pred/patient0226_4CH_ED_gt_1.png,0.0000,17195.6390,0.0000,0.0000
CRIS.pytorch/exp/camus_80_10_10_p2_i/CRIS_R50/pred/patient0102_2CH_ED_gt_1.png,0.0000,18341.2104,0.0000,0.0000
CRIS.pytorch/exp/camus_80_10_10_p2_i/CRIS_R50/pred/patient0086_2CH_ED_gt_3.png,0.0000,22842.9420,0.0000,0.0000
CRIS.pytorch/exp/camus_80_10_10_p2_i/CRIS_R50/pred/patient0405_2CH_ED_gt_2.png,1.1134,16420.1096,16.4075,28.1898
CRIS.pytorch/exp/camus_80_10_10_p2_i/CRIS_R50/pred/patient0123_4CH_ED_gt_2.png,0.1253,14534.4419,14.2901,25.0067
CRIS.pytorch/exp/camus_80_10_10_p2_i/CRIS_R50/pred/patient0400_4CH_ED_gt_3.png,0.0000,28026.4161,0.0000,0.0000
CRIS.pytorch/exp/camus_80_10_10_p2_i/CRIS_R50/pred/patient0387_4CH_ES_gt_2.png,2.7913,10344.5638,20.2292,33.6510
CRIS.pytorch/exp/camus_80_10_10_p2_i/CRIS_R50/pred/patient0046_4CH_ED_gt_1.png,0.0000,17307.2239,0.0000,0.0000
CRIS.pytorch/exp/camus_80_10_10_p2_i/CRIS_R50/pred/patient0269_4CH_ES_gt_2.png,0.5952,10988.1755,18.3000,30.9383
CRIS.pytorch/exp/camus_80_10_10_p2_i/CRIS_R50/pred/patient0071_4CH_ES_gt_2.png,0.5961,13567.9770,5.8322,11.0216
CRIS.pytorch/exp/camus_80_10_10_p2_i/CRIS_R50/pred/patient0392_2CH_ES_gt_2.png,0.4734,14312.5819,8.6752,15.9654
CRIS.pytorch/exp/camus_80_10_10_p2_i/CRIS_R50/pred/patient0198_2CH_ED_gt_3.png,0.0000,29158.8751,0.0000,0.0000
CRIS.pytorch/exp/camus_80_10_10_p2_i/CRIS_R50/pred/patient0392_4CH_ES_gt_1.png,0.0000,18625.2517,0.0000,0.0000
CRIS.pytorch/exp/camus_80_10_10_p2_i/CRIS_R50/pred/patient0187_4CH_ES_gt_1.png,0.0000,17729.3542,0.0000,0.0000
CRIS.pytorch/exp/camus_80_10_10_p2_i/CRIS_R50/pred/patient0392_2CH_ED_gt_3.png,0.0000,23807.5618,0.0000,0.0000
CRIS.pytorch/exp/camus_80_10_10_p2_i/CRIS_R50/pred/patient0178_2CH_ED_gt_1.png,0.0000,19649.1730,0.0000,0.0000
CRIS.pytorch/exp/camus_80_10_10_p2_i/CRIS_R50/pred/patient0211_2CH_ES_gt_1.png,0.0000,20415.6802,0.0000,0.0000
CRIS.pytorch/exp/camus_80_10_10_p2_i/CRIS_R50/pred/patient0042_2CH_ED_gt_1.png,0.0000,20447.4937,0.0000,0.0000
CRIS.pytorch/exp/camus_80_10_10_p2_i/CRIS_R50/pred/patient0269_4CH_ED_gt_1.png,0.0000,19340.3723,0.0000,0.0000
CRIS.pytorch/exp/camus_80_10_10_p2_i/CRIS_R50/pred/patient0225_4CH_ED_gt_3.png,0.0000,25914.6677,0.0000,0.0000
CRIS.pytorch/exp/camus_80_10_10_p2_i/CRIS_R50/pred/patient0301_2CH_ED_gt_1.png,0.0000,16385.6645,0.0000,0.0000
CRIS.pytorch/exp/camus_80_10_10_p2_i/CRIS_R50/pred/patient0216_4CH_ES_gt_1.png,0.0000,18543.1928,0.0000,0.0000
CRIS.pytorch/exp/camus_80_10_10_p2_i/CRIS_R50/pred/patient0269_2CH_ED_gt_3.png,0.0000,28266.7649,0.0000,0.0000
CRIS.pytorch/exp/camus_80_10_10_p2_i/CRIS_R50/pred/patient0241_2CH_ED_gt_2.png,1.1472,8023.0917,26.8242,42.3014
CRIS.pytorch/exp/camus_80_10_10_p2_i/CRIS_R50/pred/patient0034_4CH_ES_gt_1.png,0.0000,16062.6897,0.0000,0.0000
CRIS.pytorch/exp/camus_80_10_10_p2_i/CRIS_R50/pred/patient0032_2CH_ED_gt_3.png,0.0000,24909.8374,0.0000,0.0000
CRIS.pytorch/exp/camus_80_10_10_p2_i/CRIS_R50/pred/patient0208_2CH_ED_gt_2.png,0.6972,8982.2046,25.0853,40.1091
CRIS.pytorch/exp/camus_80_10_10_p2_i/CRIS_R50/pred/patient0187_4CH_ED_gt_3.png,0.0000,23239.8365,0.0000,0.0000
CRIS.pytorch/exp/camus_80_10_10_p2_i/CRIS_R50/pred/patient0323_4CH_ED_gt_1.png,0.0000,16944.6157,0.0000,0.0000
CRIS.pytorch/exp/camus_80_10_10_p2_i/CRIS_R50/pred/patient0089_4CH_ES_gt_3.png,0.0000,28580.0630,0.0000,0.0000
CRIS.pytorch/exp/camus_80_10_10_p2_i/CRIS_R50/pred/patient0310_2CH_ES_gt_3.png,0.0000,24972.9854,0.0000,0.0000
CRIS.pytorch/exp/camus_80_10_10_p2_i/CRIS_R50/pred/patient0318_4CH_ES_gt_2.png,0.5495,12614.2776,13.4910,23.7746
CRIS.pytorch/exp/camus_80_10_10_p2_i/CRIS_R50/pred/patient0134_2CH_ED_gt_3.png,0.0000,33565.0115,0.0000,0.0000
CRIS.pytorch/exp/camus_80_10_10_p2_i/CRIS_R50/pred/patient0324_2CH_ES_gt_3.png,0.0000,24968.7805,0.0000,0.0000
CRIS.pytorch/exp/camus_80_10_10_p2_i/CRIS_R50/pred/patient0178_4CH_ES_gt_2.png,0.2445,14105.6726,18.3187,30.9650
CRIS.pytorch/exp/camus_80_10_10_p2_i/CRIS_R50/pred/patient0392_2CH_ED_gt_1.png,0.0000,14337.7125,0.0000,0.0000
CRIS.pytorch/exp/camus_80_10_10_p2_i/CRIS_R50/pred/patient0225_2CH_ED_gt_2.png,3.3573,9108.7870,5.2248,9.9307
CRIS.pytorch/exp/camus_80_10_10_p2_i/CRIS_R50/pred/patient0052_2CH_ES_gt_3.png,0.0000,26504.5279,0.0000,0.0000
CRIS.pytorch/exp/camus_80_10_10_p2_i/CRIS_R50/pred/patient0284_2CH_ES_gt_3.png,0.0000,27051.2477,0.0000,0.0000
CRIS.pytorch/exp/camus_80_10_10_p2_i/CRIS_R50/pred/patient0089_2CH_ED_gt_2.png,0.0000,8459.9054,0.0000,0.0000
CRIS.pytorch/exp/camus_80_10_10_p2_i/CRIS_R50/pred/patient0225_4CH_ED_gt_1.png,0.0000,16858.5290,0.0000,0.0000
CRIS.pytorch/exp/camus_80_10_10_p2_i/CRIS_R50/pred/patient0354_2CH_ED_gt_2.png,1.0876,7582.2160,12.4712,22.1767
CRIS.pytorch/exp/camus_80_10_10_p2_i/CRIS_R50/pred/patient0197_4CH_ED_gt_2.png,0.9346,11900.0000,20.8828,34.5505
CRIS.pytorch/exp/camus_80_10_10_p2_i/CRIS_R50/pred/patient0392_4CH_ED_gt_2.png,1.5837,11146.2998,8.4521,15.5868
CRIS.pytorch/exp/camus_80_10_10_p2_i/CRIS_R50/pred/patient0187_4CH_ES_gt_2.png,0.4926,16337.6865,8.3255,15.3713
CRIS.pytorch/exp/camus_80_10_10_p2_i/CRIS_R50/pred/patient0387_2CH_ES_gt_3.png,0.0000,25685.9884,0.0000,0.0000
CRIS.pytorch/exp/camus_80_10_10_p2_i/CRIS_R50/pred/patient0368_2CH_ES_gt_2.png,2.5052,7302.7392,21.8383,35.8480
CRIS.pytorch/exp/camus_80_10_10_p2_i/CRIS_R50/pred/patient0301_2CH_ES_gt_3.png,0.0000,24339.2687,0.0000,0.0000
CRIS.pytorch/exp/camus_80_10_10_p2_i/CRIS_R50/pred/patient0216_2CH_ED_gt_2.png,1.3498,14536.1618,11.2865,20.2837
CRIS.pytorch/exp/camus_80_10_10_p2_i/CRIS_R50/pred/patient0310_2CH_ES_gt_1.png,0.0000,18915.6020,0.0000,0.0000
CRIS.pytorch/exp/camus_80_10_10_p2_i/CRIS_R50/pred/patient0392_4CH_ES_gt_2.png,0.3824,16347.7827,10.1898,18.4950
CRIS.pytorch/exp/camus_80_10_10_p2_i/CRIS_R50/pred/patient0208_4CH_ES_gt_1.png,0.0000,18454.8097,0.0000,0.0000
CRIS.pytorch/exp/camus_80_10_10_p2_i/CRIS_R50/pred/patient0052_4CH_ES_gt_2.png,1.3521,7011.4193,17.2945,29.4891
CRIS.pytorch/exp/camus_80_10_10_p2_i/CRIS_R50/pred/patient0134_2CH_ES_gt_1.png,0.0000,20689.1276,0.0000,0.0000
CRIS.pytorch/exp/camus_80_10_10_p2_i/CRIS_R50/pred/patient0405_2CH_ES_gt_3.png,0.0000,23135.4706,0.0000,0.0000
CRIS.pytorch/exp/camus_80_10_10_p2_i/CRIS_R50/pred/patient0405_4CH_ES_gt_3.png,0.0000,23058.6209,0.0000,0.0000
CRIS.pytorch/exp/camus_80_10_10_p2_i/CRIS_R50/pred/patient0086_2CH_ES_gt_1.png,0.0000,17039.3662,0.0000,0.0000
CRIS.pytorch/exp/camus_80_10_10_p2_i/CRIS_R50/pred/patient0405_2CH_ES_gt_2.png,0.9501,9192.3882,34.6399,51.4557
CRIS.pytorch/exp/camus_80_10_10_p2_i/CRIS_R50/pred/patient0328_4CH_ES_gt_2.png,0.4975,14515.1645,13.4744,23.7487
CRIS.pytorch/exp/camus_80_10_10_p2_i/CRIS_R50/pred/patient0419_2CH_ED_gt_3.png,0.0000,31802.5156,0.0000,0.0000
CRIS.pytorch/exp/camus_80_10_10_p2_i/CRIS_R50/pred/patient0354_2CH_ES_gt_2.png,3.0105,6964.1941,14.7754,25.7466
CRIS.pytorch/exp/camus_80_10_10_p2_i/CRIS_R50/pred/patient0368_4CH_ED_gt_1.png,0.0000,17269.9160,0.0000,0.0000
CRIS.pytorch/exp/camus_80_10_10_p2_i/CRIS_R50/pred/patient0134_4CH_ED_gt_2.png,1.2884,12050.3112,21.2207,35.0117
CRIS.pytorch/exp/camus_80_10_10_p2_i/CRIS_R50/pred/patient0208_2CH_ES_gt_3.png,0.0000,28364.7669,0.0000,0.0000
CRIS.pytorch/exp/camus_80_10_10_p2_i/CRIS_R50/pred/patient0324_4CH_ED_gt_2.png,0.4127,11332.2549,9.2858,16.9936
CRIS.pytorch/exp/camus_80_10_10_p2_i/CRIS_R50/pred/patient0187_4CH_ES_gt_3.png,0.0000,22165.0626,0.0000,0.0000
CRIS.pytorch/exp/camus_80_10_10_p2_i/CRIS_R50/pred/patient0034_4CH_ES_gt_2.png,0.3922,13541.7872,11.5780,20.7532
CRIS.pytorch/exp/camus_80_10_10_p2_i/CRIS_R50/pred/patient0208_4CH_ES_gt_3.png,0.0000,30095.8469,0.0000,0.0000
CRIS.pytorch/exp/camus_80_10_10_p2_i/CRIS_R50/pred/patient0269_2CH_ED_gt_1.png,0.0000,17611.9278,0.0000,0.0000
CRIS.pytorch/exp/camus_80_10_10_p2_i/CRIS_R50/pred/patient0042_2CH_ED_gt_3.png,0.0000,31565.9627,0.0000,0.0000
CRIS.pytorch/exp/camus_80_10_10_p2_i/CRIS_R50/pred/patient0241_2CH_ED_gt_3.png,0.0000,31275.7094,0.0000,0.0000
CRIS.pytorch/exp/camus_80_10_10_p2_i/CRIS_R50/pred/patient0198_4CH_ES_gt_3.png,0.0000,28606.2930,0.0000,0.0000
CRIS.pytorch/exp/camus_80_10_10_p2_i/CRIS_R50/pred/patient0405_4CH_ED_gt_1.png,0.0000,17697.7400,0.0000,0.0000
CRIS.pytorch/exp/camus_80_10_10_p2_i/CRIS_R50/pred/patient0178_4CH_ES_gt_1.png,0.0000,19309.3242,0.0000,0.0000
CRIS.pytorch/exp/camus_80_10_10_p2_i/CRIS_R50/pred/patient0208_4CH_ES_gt_2.png,0.6565,9899.4949,25.6418,40.8173
CRIS.pytorch/exp/camus_80_10_10_p2_i/CRIS_R50/pred/patient0449_4CH_ED_gt_3.png,0.0000,32590.9497,0.0000,0.0000
CRIS.pytorch/exp/camus_80_10_10_p2_i/CRIS_R50/pred/patient0134_4CH_ED_gt_3.png,0.0000,33424.8411,0.0000,0.0000
CRIS.pytorch/exp/camus_80_10_10_p2_i/CRIS_R50/pred/patient0197_2CH_ED_gt_1.png,0.0000,15743.5701,0.0000,0.0000
CRIS.pytorch/exp/camus_80_10_10_p2_i/CRIS_R50/pred/patient0208_4CH_ED_gt_3.png,0.0000,32983.7839,0.0000,0.0000
CRIS.pytorch/exp/camus_80_10_10_p2_i/CRIS_R50/pred/patient0301_2CH_ED_gt_2.png,0.9693,9757.5612,12.9170,22.8788
CRIS.pytorch/exp/camus_80_10_10_p2_i/CRIS_R50/pred/patient0368_4CH_ES_gt_1.png,0.0000,16754.7008,0.0000,0.0000
CRIS.pytorch/exp/camus_80_10_10_p2_i/CRIS_R50/pred/patient0071_2CH_ES_gt_2.png,1.1561,10438.8697,13.3085,23.4907
CRIS.pytorch/exp/camus_80_10_10_p2_i/CRIS_R50/pred/patient0052_4CH_ES_gt_3.png,0.0000,17336.6663,0.0000,0.0000
CRIS.pytorch/exp/camus_80_10_10_p2_i/CRIS_R50/pred/patient0046_2CH_ES_gt_3.png,0.0000,20227.7038,0.0000,0.0000
CRIS.pytorch/exp/camus_80_10_10_p2_i/CRIS_R50/pred/patient0354_4CH_ES_gt_2.png,0.6780,10492.3782,21.7137,35.6799
CRIS.pytorch/exp/camus_80_10_10_p2_i/CRIS_R50/pred/patient0071_2CH_ES_gt_1.png,0.0000,15263.3548,0.0000,0.0000
CRIS.pytorch/exp/camus_80_10_10_p2_i/CRIS_R50/pred/patient0270_4CH_ED_gt_2.png,0.6807,15379.2067,11.2107,20.1611
CRIS.pytorch/exp/camus_80_10_10_p2_i/CRIS_R50/pred/patient0046_4CH_ES_gt_1.png,0.0000,18745.9329,0.0000,0.0000
CRIS.pytorch/exp/camus_80_10_10_p2_i/CRIS_R50/pred/patient0310_4CH_ES_gt_1.png,0.0000,18200.2747,0.0000,0.0000
CRIS.pytorch/exp/camus_80_10_10_p2_i/CRIS_R50/pred/patient0111_2CH_ED_gt_2.png,0.4745,12671.6218,12.2307,21.7956
CRIS.pytorch/exp/camus_80_10_10_p2_i/CRIS_R50/pred/patient0111_4CH_ED_gt_2.png,0.4914,15310.1274,12.1595,21.6825
CRIS.pytorch/exp/camus_80_10_10_p2_i/CRIS_R50/pred/patient0368_2CH_ES_gt_3.png,0.0000,25107.1703,0.0000,0.0000
CRIS.pytorch/exp/camus_80_10_10_p2_i/CRIS_R50/pred/patient0324_4CH_ES_gt_1.png,0.0000,17808.4250,0.0000,0.0000
CRIS.pytorch/exp/camus_80_10_10_p2_i/CRIS_R50/pred/patient0269_4CH_ES_gt_1.png,0.0000,19646.8827,0.0000,0.0000
CRIS.pytorch/exp/camus_80_10_10_p2_i/CRIS_R50/pred/patient0241_2CH_ES_gt_2.png,1.1598,9633.2757,16.2664,27.9813
CRIS.pytorch/exp/camus_80_10_10_p2_i/CRIS_R50/pred/patient0198_4CH_ED_gt_2.png,1.1210,8736.7042,19.2413,32.2728
CRIS.pytorch/exp/camus_80_10_10_p2_i/CRIS_R50/pred/patient0387_4CH_ES_gt_3.png,0.0000,26181.8640,0.0000,0.0000
CRIS.pytorch/exp/camus_80_10_10_p2_i/CRIS_R50/pred/patient0443_4CH_ED_gt_3.png,0.0000,31349.8006,0.0000,0.0000
CRIS.pytorch/exp/camus_80_10_10_p2_i/CRIS_R50/pred/patient0032_4CH_ED_gt_1.png,0.0000,18160.3965,0.0000,0.0000
CRIS.pytorch/exp/camus_80_10_10_p2_i/CRIS_R50/pred/patient0191_4CH_ED_gt_1.png,0.0000,16515.7501,0.0000,0.0000
CRIS.pytorch/exp/camus_80_10_10_p2_i/CRIS_R50/pred/patient0211_2CH_ES_gt_3.png,0.0000,31094.2117,0.0000,0.0000
CRIS.pytorch/exp/camus_80_10_10_p2_i/CRIS_R50/pred/patient0241_4CH_ES_gt_1.png,0.0000,16918.9243,0.0000,0.0000
CRIS.pytorch/exp/camus_80_10_10_p2_i/CRIS_R50/pred/patient0392_4CH_ED_gt_3.png,0.0000,27056.2377,0.0000,0.0000
CRIS.pytorch/exp/camus_80_10_10_p2_i/CRIS_R50/pred/patient0042_4CH_ES_gt_2.png,1.1811,12998.8461,11.3906,20.4516
CRIS.pytorch/exp/camus_80_10_10_p2_i/CRIS_R50/pred/patient0310_4CH_ED_gt_2.png,0.3311,13729.5302,13.6579,24.0334
CRIS.pytorch/exp/camus_80_10_10_p2_i/CRIS_R50/pred/patient0191_2CH_ED_gt_2.png,0.6373,9542.5364,18.7502,31.5793
CRIS.pytorch/exp/camus_80_10_10_p2_i/CRIS_R50/pred/patient0071_2CH_ED_gt_1.png,1.0482,15393.8299,0.1534,0.3063
CRIS.pytorch/exp/camus_80_10_10_p2_i/CRIS_R50/pred/patient0111_4CH_ED_gt_1.png,0.0000,17372.6797,0.0000,0.0000
CRIS.pytorch/exp/camus_80_10_10_p2_i/CRIS_R50/pred/patient0017_4CH_ED_gt_3.png,0.0000,22926.8402,0.0000,0.0000
CRIS.pytorch/exp/camus_80_10_10_p2_i/CRIS_R50/pred/patient0191_4CH_ES_gt_2.png,0.4569,13223.0859,19.9203,33.2225
CRIS.pytorch/exp/camus_80_10_10_p2_i/CRIS_R50/pred/patient0328_4CH_ES_gt_3.png,0.0000,26487.7330,0.0000,0.0000
CRIS.pytorch/exp/camus_80_10_10_p2_i/CRIS_R50/pred/patient0198_4CH_ED_gt_3.png,0.0000,30723.4438,0.0000,0.0000
CRIS.pytorch/exp/camus_80_10_10_p2_i/CRIS_R50/pred/patient0324_2CH_ED_gt_1.png,0.0000,16992.3512,0.0000,0.0000
CRIS.pytorch/exp/camus_80_10_10_p2_i/CRIS_R50/pred/patient0443_2CH_ED_gt_2.png,1.5385,8800.5682,8.4441,15.5731
CRIS.pytorch/exp/camus_80_10_10_p2_i/CRIS_R50/pred/patient0111_4CH_ED_gt_3.png,0.0000,26618.9782,0.0000,0.0000
CRIS.pytorch/exp/camus_80_10_10_p2_i/CRIS_R50/pred/patient0042_4CH_ED_gt_2.png,0.6150,6926.0378,23.3191,37.8191
CRIS.pytorch/exp/camus_80_10_10_p2_i/CRIS_R50/pred/patient0328_2CH_ED_gt_2.png,1.8270,9588.0134,22.3042,36.4733
CRIS.pytorch/exp/camus_80_10_10_p2_i/CRIS_R50/pred/patient0032_2CH_ED_gt_2.png,0.9649,16843.9900,2.0452,4.0085
CRIS.pytorch/exp/camus_80_10_10_p2_i/CRIS_R50/pred/patient0323_2CH_ES_gt_2.png,0.8974,15174.3204,13.0235,23.0457
CRIS.pytorch/exp/camus_80_10_10_p2_i/CRIS_R50/pred/patient0089_4CH_ED_gt_1.png,0.0000,19913.8143,0.0000,0.0000
CRIS.pytorch/exp/camus_80_10_10_p2_i/CRIS_R50/pred/patient0269_2CH_ES_gt_3.png,0.0000,27749.7748,0.0000,0.0000
CRIS.pytorch/exp/camus_80_10_10_p2_i/CRIS_R50/pred/patient0017_2CH_ED_gt_3.png,0.0000,21959.2805,0.0000,0.0000
CRIS.pytorch/exp/camus_80_10_10_p2_i/CRIS_R50/pred/patient0046_2CH_ES_gt_1.png,0.0000,17351.9451,0.0000,0.0000
CRIS.pytorch/exp/camus_80_10_10_p2_i/CRIS_R50/pred/patient0226_4CH_ES_gt_2.png,3.9267,15532.2246,10.2182,18.5418
CRIS.pytorch/exp/camus_80_10_10_p2_i/CRIS_R50/pred/patient0086_4CH_ED_gt_3.png,0.0000,22879.0297,0.0000,0.0000
CRIS.pytorch/exp/camus_80_10_10_p2_i/CRIS_R50/pred/patient0034_2CH_ES_gt_1.png,0.0000,18250.7534,0.0000,0.0000
CRIS.pytorch/exp/camus_80_10_10_p2_i/CRIS_R50/pred/patient0387_2CH_ED_gt_3.png,0.0000,26744.1582,0.0000,0.0000
CRIS.pytorch/exp/camus_80_10_10_p2_i/CRIS_R50/pred/patient0086_2CH_ES_gt_3.png,0.0000,22083.9308,0.0000,0.0000
CRIS.pytorch/exp/camus_80_10_10_p2_i/CRIS_R50/pred/patient0328_4CH_ED_gt_3.png,0.0000,28678.2147,0.0000,0.0000
CRIS.pytorch/exp/camus_80_10_10_p2_i/CRIS_R50/pred/patient0211_4CH_ES_gt_2.png,1.2015,9414.8818,22.2267,36.3696
CRIS.pytorch/exp/camus_80_10_10_p2_i/CRIS_R50/pred/patient0211_4CH_ED_gt_3.png,0.0000,35587.9193,0.0000,0.0000
CRIS.pytorch/exp/camus_80_10_10_p2_i/CRIS_R50/pred/patient0086_4CH_ED_gt_2.png,1.3995,10881.1764,12.2701,21.8581
CRIS.pytorch/exp/camus_80_10_10_p2_i/CRIS_R50/pred/patient0449_4CH_ES_gt_2.png,1.3216,12233.1517,29.7221,45.8243
CRIS.pytorch/exp/camus_80_10_10_p2_i/CRIS_R50/pred/patient0178_2CH_ES_gt_2.png,2.2400,7937.8838,24.3668,39.1854
CRIS.pytorch/exp/camus_80_10_10_p2_i/CRIS_R50/pred/patient0301_2CH_ES_gt_2.png,0.5973,13009.6118,12.8324,22.7460
CRIS.pytorch/exp/camus_80_10_10_p2_i/CRIS_R50/pred/patient0216_2CH_ED_gt_3.png,0.0000,23020.2085,0.0000,0.0000
CRIS.pytorch/exp/camus_80_10_10_p2_i/CRIS_R50/pred/patient0449_4CH_ED_gt_1.png,0.0000,23430.3222,0.0000,0.0000
CRIS.pytorch/exp/camus_80_10_10_p2_i/CRIS_R50/pred/patient0102_4CH_ES_gt_3.png,0.0000,23362.3629,0.0000,0.0000
CRIS.pytorch/exp/camus_80_10_10_p2_i/CRIS_R50/pred/patient0123_4CH_ES_gt_1.png,0.0000,18493.7827,0.0000,0.0000
CRIS.pytorch/exp/camus_80_10_10_p2_i/CRIS_R50/pred/patient0324_4CH_ED_gt_1.png,0.0000,16323.2962,0.0000,0.0000
CRIS.pytorch/exp/camus_80_10_10_p2_i/CRIS_R50/pred/patient0046_2CH_ES_gt_2.png,0.5658,10728.0007,13.5049,23.7962
CRIS.pytorch/exp/camus_80_10_10_p2_i/CRIS_R50/pred/patient0368_4CH_ES_gt_3.png,0.0000,26925.8240,0.0000,0.0000
CRIS.pytorch/exp/camus_80_10_10_p2_i/CRIS_R50/pred/patient0443_4CH_ES_gt_2.png,0.8256,9815.2942,19.2383,32.2687
CRIS.pytorch/exp/camus_80_10_10_p2_i/CRIS_R50/pred/patient0120_4CH_ES_gt_1.png,0.0000,19054.6582,0.0000,0.0000
CRIS.pytorch/exp/camus_80_10_10_p2_i/CRIS_R50/pred/patient0042_2CH_ES_gt_1.png,0.0000,20366.6394,0.0000,0.0000
CRIS.pytorch/exp/camus_80_10_10_p2_i/CRIS_R50/pred/patient0324_4CH_ES_gt_3.png,0.0000,24597.9674,0.0000,0.0000
CRIS.pytorch/exp/camus_80_10_10_p2_i/CRIS_R50/pred/patient0269_4CH_ED_gt_3.png,0.0000,30606.6986,0.0000,0.0000
CRIS.pytorch/exp/camus_80_10_10_p2_i/CRIS_R50/pred/patient0449_4CH_ED_gt_2.png,1.0557,9786.7257,17.3818,29.6158
CRIS.pytorch/exp/camus_80_10_10_p2_i/CRIS_R50/pred/patient0034_2CH_ES_gt_2.png,1.2887,12300.0000,22.2606,36.4150
CRIS.pytorch/exp/camus_80_10_10_p2_i/CRIS_R50/pred/patient0323_2CH_ES_gt_1.png,0.0000,17734.1479,0.0000,0.0000
CRIS.pytorch/exp/camus_80_10_10_p2_i/CRIS_R50/pred/patient0086_4CH_ES_gt_2.png,0.6748,13004.9990,11.0387,19.8826
CRIS.pytorch/exp/camus_80_10_10_p2_i/CRIS_R50/pred/patient0089_4CH_ES_gt_2.png,2.0202,7420.2426,19.0603,32.0178
CRIS.pytorch/exp/camus_80_10_10_p2_i/CRIS_R50/pred/patient0198_4CH_ED_gt_1.png,0.0000,18560.7112,0.0000,0.0000
CRIS.pytorch/exp/camus_80_10_10_p2_i/CRIS_R50/pred/patient0310_2CH_ED_gt_3.png,0.0000,28116.8988,0.0000,0.0000
CRIS.pytorch/exp/camus_80_10_10_p2_i/CRIS_R50/pred/patient0120_4CH_ED_gt_2.png,0.9770,17358.8594,7.3639,13.7176
CRIS.pytorch/exp/camus_80_10_10_p2_i/CRIS_R50/pred/patient0123_4CH_ES_gt_3.png,0.0000,26456.0012,0.0000,0.0000
CRIS.pytorch/exp/camus_80_10_10_p2_i/CRIS_R50/pred/patient0449_2CH_ES_gt_1.png,0.1871,12753.4309,0.0032,0.0063
CRIS.pytorch/exp/camus_80_10_10_p2_i/CRIS_R50/pred/patient0270_2CH_ED_gt_1.png,0.0000,18124.5690,0.0000,0.0000
CRIS.pytorch/exp/camus_80_10_10_p2_i/CRIS_R50/pred/patient0034_2CH_ED_gt_1.png,0.0000,16676.9302,0.0000,0.0000
CRIS.pytorch/exp/camus_80_10_10_p2_i/CRIS_R50/pred/patient0392_4CH_ES_gt_3.png,0.0000,25978.8375,0.0000,0.0000
CRIS.pytorch/exp/camus_80_10_10_p2_i/CRIS_R50/pred/patient0134_2CH_ES_gt_3.png,0.0000,31760.5101,0.0000,0.0000
CRIS.pytorch/exp/camus_80_10_10_p2_i/CRIS_R50/pred/patient0284_4CH_ES_gt_3.png,0.0000,23361.9349,0.0000,0.0000
CRIS.pytorch/exp/camus_80_10_10_p2_i/CRIS_R50/pred/patient0111_2CH_ED_gt_3.png,0.0000,25273.3061,0.0000,0.0000
CRIS.pytorch/exp/camus_80_10_10_p2_i/CRIS_R50/pred/patient0226_2CH_ES_gt_1.png,0.0000,16260.9963,0.0000,0.0000
CRIS.pytorch/exp/camus_80_10_10_p2_i/CRIS_R50/pred/patient0071_4CH_ED_gt_2.png,0.6266,14115.2400,6.0915,11.4834
CRIS.pytorch/exp/camus_80_10_10_p2_i/CRIS_R50/pred/patient0086_4CH_ES_gt_1.png,0.0000,16552.9454,0.0000,0.0000
CRIS.pytorch/exp/camus_80_10_10_p2_i/CRIS_R50/pred/patient0197_4CH_ES_gt_2.png,0.2363,11064.3572,20.6628,34.2489
CRIS.pytorch/exp/camus_80_10_10_p2_i/CRIS_R50/pred/patient0395_4CH_ED_gt_2.png,1.9879,5714.0179,14.7032,25.6370
CRIS.pytorch/exp/camus_80_10_10_p2_i/CRIS_R50/pred/patient0031_2CH_ED_gt_1.png,0.0000,14871.7854,0.0000,0.0000
CRIS.pytorch/exp/camus_80_10_10_p2_i/CRIS_R50/pred/patient0310_4CH_ES_gt_3.png,0.0000,27830.3791,0.0000,0.0000
CRIS.pytorch/exp/camus_80_10_10_p2_i/CRIS_R50/pred/patient0405_4CH_ED_gt_2.png,0.3861,16345.3357,9.3781,17.1481
CRIS.pytorch/exp/camus_80_10_10_p2_i/CRIS_R50/pred/patient0395_4CH_ED_gt_1.png,0.0000,21217.4457,0.0000,0.0000
CRIS.pytorch/exp/camus_80_10_10_p2_i/CRIS_R50/pred/patient0324_2CH_ES_gt_1.png,0.0000,18660.1179,0.0000,0.0000
CRIS.pytorch/exp/camus_80_10_10_p2_i/CRIS_R50/pred/patient0052_2CH_ES_gt_2.png,1.3021,13865.4246,0.0624,0.1248
CRIS.pytorch/exp/camus_80_10_10_p2_i/CRIS_R50/pred/patient0211_2CH_ED_gt_2.png,0.9002,6296.8246,19.8381,33.1081
CRIS.pytorch/exp/camus_80_10_10_p2_i/CRIS_R50/pred/patient0134_4CH_ES_gt_3.png,0.0000,33593.1541,0.0000,0.0000
CRIS.pytorch/exp/camus_80_10_10_p2_i/CRIS_R50/pred/patient0046_4CH_ES_gt_3.png,0.0000,22032.0221,0.0000,0.0000
CRIS.pytorch/exp/camus_80_10_10_p2_i/CRIS_R50/pred/patient0419_2CH_ES_gt_3.png,0.0000,29538.1110,0.0000,0.0000
CRIS.pytorch/exp/camus_80_10_10_p2_i/CRIS_R50/pred/patient0208_2CH_ED_gt_3.png,0.0000,32442.2564,0.0000,0.0000
CRIS.pytorch/exp/camus_80_10_10_p2_i/CRIS_R50/pred/patient0284_4CH_ED_gt_1.png,0.0000,16323.2962,0.0000,0.0000
CRIS.pytorch/exp/camus_80_10_10_p2_i/CRIS_R50/pred/patient0134_4CH_ES_gt_2.png,1.0327,15259.0956,19.5739,32.7395
CRIS.pytorch/exp/camus_80_10_10_p2_i/CRIS_R50/pred/patient0198_2CH_ES_gt_3.png,0.0000,27730.8492,0.0000,0.0000
CRIS.pytorch/exp/camus_80_10_10_p2_i/CRIS_R50/pred/patient0318_2CH_ED_gt_1.png,0.0000,20026.2328,0.0000,0.0000
CRIS.pytorch/exp/camus_80_10_10_p2_i/CRIS_R50/pred/patient0284_2CH_ES_gt_2.png,0.9934,8485.2814,2.2163,4.3365
CRIS.pytorch/exp/camus_80_10_10_p2_i/CRIS_R50/pred/patient0017_2CH_ES_gt_2.png,1.9149,9222.7978,8.6140,15.8616
CRIS.pytorch/exp/camus_80_10_10_p2_i/CRIS_R50/pred/patient0191_2CH_ED_gt_1.png,0.0000,18915.6020,0.0000,0.0000
CRIS.pytorch/exp/camus_80_10_10_p2_i/CRIS_R50/pred/patient0284_4CH_ED_gt_2.png,2.6049,6132.6992,29.0980,45.0789
CRIS.pytorch/exp/camus_80_10_10_p2_i/CRIS_R50/pred/patient0031_4CH_ED_gt_3.png,0.0000,26768.6384,0.0000,0.0000
CRIS.pytorch/exp/camus_80_10_10_p2_i/CRIS_R50/pred/patient0443_4CH_ES_gt_3.png,0.0000,31317.7266,0.0000,0.0000
CRIS.pytorch/exp/camus_80_10_10_p2_i/CRIS_R50/pred/patient0089_4CH_ED_gt_3.png,0.0000,30377.1296,0.0000,0.0000
CRIS.pytorch/exp/camus_80_10_10_p2_i/CRIS_R50/pred/patient0102_4CH_ED_gt_2.png,0.4966,15809.4908,7.2520,13.5233
CRIS.pytorch/exp/camus_80_10_10_p2_i/CRIS_R50/pred/patient0328_4CH_ES_gt_1.png,0.0000,18559.3642,0.0000,0.0000
CRIS.pytorch/exp/camus_80_10_10_p2_i/CRIS_R50/pred/patient0284_2CH_ED_gt_1.png,0.0000,18085.3532,0.0000,0.0000
CRIS.pytorch/exp/camus_80_10_10_p2_i/CRIS_R50/pred/patient0123_2CH_ES_gt_2.png,0.6150,15741.9821,14.4314,25.2228
CRIS.pytorch/exp/camus_80_10_10_p2_i/CRIS_R50/pred/patient0318_2CH_ES_gt_2.png,1.5936,10841.5866,16.7620,28.7115
CRIS.pytorch/exp/camus_80_10_10_p2_i/CRIS_R50/pred/patient0216_4CH_ED_gt_2.png,0.5028,16204.9375,7.9827,14.7851
CRIS.pytorch/exp/camus_80_10_10_p2_i/CRIS_R50/pred/patient0032_2CH_ED_gt_1.png,0.0000,18792.8178,0.0000,0.0000
CRIS.pytorch/exp/camus_80_10_10_p2_i/CRIS_R50/pred/patient0102_2CH_ED_gt_2.png,1.0717,16398.1706,8.1827,15.1275
CRIS.pytorch/exp/camus_80_10_10_p2_i/CRIS_R50/pred/patient0419_2CH_ED_gt_1.png,0.0000,22022.0344,0.0000,0.0000
CRIS.pytorch/exp/camus_80_10_10_p2_i/CRIS_R50/pred/patient0301_4CH_ES_gt_3.png,0.0000,24607.3160,0.0000,0.0000
CRIS.pytorch/exp/camus_80_10_10_p2_i/CRIS_R50/pred/patient0197_4CH_ES_gt_3.png,0.0000,30239.8743,0.0000,0.0000
CRIS.pytorch/exp/camus_80_10_10_p2_i/CRIS_R50/pred/patient0211_4CH_ED_gt_2.png,1.9794,9305.9121,19.1638,32.1638
CRIS.pytorch/exp/camus_80_10_10_p2_i/CRIS_R50/pred/patient0123_4CH_ES_gt_2.png,0.7833,15277.7616,10.3238,18.7155
CRIS.pytorch/exp/camus_80_10_10_p2_i/CRIS_R50/pred/patient0134_2CH_ED_gt_2.png,1.9763,17720.0451,10.8606,19.5932
CRIS.pytorch/exp/camus_80_10_10_p2_i/CRIS_R50/pred/patient0354_4CH_ES_gt_1.png,0.0000,18094.4743,0.0000,0.0000
CRIS.pytorch/exp/camus_80_10_10_p2_i/CRIS_R50/pred/patient0419_2CH_ES_gt_1.png,0.0000,21541.1235,0.0000,0.0000
CRIS.pytorch/exp/camus_80_10_10_p2_i/CRIS_R50/pred/patient0419_4CH_ES_gt_2.png,1.4508,11640.0172,20.9532,34.6467
CRIS.pytorch/exp/camus_80_10_10_p2_i/CRIS_R50/pred/patient0191_2CH_ES_gt_2.png,1.2773,8452.8102,29.4618,45.5143
CRIS.pytorch/exp/camus_80_10_10_p2_i/CRIS_R50/pred/patient0443_2CH_ES_gt_2.png,0.8815,9630.1610,11.0372,19.8802
CRIS.pytorch/exp/camus_80_10_10_p2_i/CRIS_R50/pred/patient0324_2CH_ED_gt_3.png,0.0000,25969.9827,0.0000,0.0000
CRIS.pytorch/exp/camus_80_10_10_p2_i/CRIS_R50/pred/patient0301_4CH_ED_gt_3.png,0.0000,24357.7503,0.0000,0.0000
CRIS.pytorch/exp/camus_80_10_10_p2_i/CRIS_R50/pred/patient0191_4CH_ED_gt_2.png,0.5269,10989.5405,21.6705,35.6216
CRIS.pytorch/exp/camus_80_10_10_p2_i/CRIS_R50/pred/patient0284_4CH_ES_gt_2.png,0.7605,7125.3070,22.6369,36.9170
CRIS.pytorch/exp/camus_80_10_10_p2_i/CRIS_R50/pred/patient0419_2CH_ED_gt_2.png,0.7735,13462.9120,22.2085,36.3453
CRIS.pytorch/exp/camus_80_10_10_p2_i/CRIS_R50/pred/patient0443_2CH_ES_gt_1.png,0.5168,17253.9850,0.0083,0.0166
CRIS.pytorch/exp/camus_80_10_10_p2_i/CRIS_R50/pred/patient0134_2CH_ED_gt_1.png,0.0000,23034.1051,0.0000,0.0000
CRIS.pytorch/exp/camus_80_10_10_p2_i/CRIS_R50/pred/patient0208_2CH_ES_gt_1.png,0.0000,18916.9236,0.0000,0.0000
CRIS.pytorch/exp/camus_80_10_10_p2_i/CRIS_R50/pred/patient0031_2CH_ED_gt_2.png,1.4249,15156.8466,15.0885,26.2208
CRIS.pytorch/exp/camus_80_10_10_p2_i/CRIS_R50/pred/patient0241_4CH_ED_gt_2.png,1.1969,7000.7142,19.8176,33.0797
CRIS.pytorch/exp/camus_80_10_10_p2_i/CRIS_R50/pred/patient0123_2CH_ES_gt_1.png,0.0000,19258.5046,0.0000,0.0000
CRIS.pytorch/exp/camus_80_10_10_p2_i/CRIS_R50/pred/patient0318_4CH_ED_gt_3.png,0.0000,30108.6366,0.0000,0.0000
CRIS.pytorch/exp/camus_80_10_10_p2_i/CRIS_R50/pred/patient0032_4CH_ED_gt_2.png,1.3216,7930.9520,17.0931,29.1957
CRIS.pytorch/exp/camus_80_10_10_p2_i/CRIS_R50/pred/patient0031_4CH_ES_gt_3.png,0.0000,23471.8981,0.0000,0.0000
CRIS.pytorch/exp/camus_80_10_10_p2_i/CRIS_R50/pred/patient0400_2CH_ED_gt_3.png,0.0000,28567.1140,0.0000,0.0000
CRIS.pytorch/exp/camus_80_10_10_p2_i/CRIS_R50/pred/patient0323_2CH_ES_gt_3.png,0.0000,21882.6415,0.0000,0.0000
CRIS.pytorch/exp/camus_80_10_10_p2_i/CRIS_R50/pred/patient0123_2CH_ED_gt_3.png,0.0000,27011.8493,0.0000,0.0000
CRIS.pytorch/exp/camus_80_10_10_p2_i/CRIS_R50/pred/patient0042_2CH_ED_gt_2.png,0.6472,13746.2722,13.9297,24.4531
CRIS.pytorch/exp/camus_80_10_10_p2_i/CRIS_R50/pred/patient0284_2CH_ED_gt_3.png,0.0000,29094.5012,0.0000,0.0000
CRIS.pytorch/exp/camus_80_10_10_p2_i/CRIS_R50/pred/patient0443_4CH_ES_gt_1.png,0.0000,20362.9566,0.0000,0.0000
CRIS.pytorch/exp/camus_80_10_10_p2_i/CRIS_R50/pred/patient0269_2CH_ES_gt_2.png,1.0086,7779.4601,22.2004,36.3344
CRIS.pytorch/exp/camus_80_10_10_p2_i/CRIS_R50/pred/patient0284_2CH_ES_gt_1.png,0.0000,17196.5113,0.0000,0.0000
CRIS.pytorch/exp/camus_80_10_10_p2_i/CRIS_R50/pred/patient0089_2CH_ES_gt_2.png,1.6416,10826.8186,8.6547,15.9307
CRIS.pytorch/exp/camus_80_10_10_p2_i/CRIS_R50/pred/patient0225_2CH_ES_gt_1.png,0.0000,16064.8685,0.0000,0.0000
CRIS.pytorch/exp/camus_80_10_10_p2_i/CRIS_R50/pred/patient0191_4CH_ES_gt_1.png,0.0000,16911.8302,0.0000,0.0000
CRIS.pytorch/exp/camus_80_10_10_p2_i/CRIS_R50/pred/patient0318_2CH_ES_gt_1.png,0.0000,18777.1137,0.0000,0.0000
CRIS.pytorch/exp/camus_80_10_10_p2_i/CRIS_R50/pred/patient0046_4CH_ED_gt_2.png,0.6188,16155.4944,6.5416,12.2799
CRIS.pytorch/exp/camus_80_10_10_p2_i/CRIS_R50/pred/patient0052_4CH_ED_gt_2.png,0.6181,8747.5711,15.1966,26.3838
CRIS.pytorch/exp/camus_80_10_10_p2_i/CRIS_R50/pred/patient0395_4CH_ES_gt_3.png,0.0000,30654.5266,0.0000,0.0000
CRIS.pytorch/exp/camus_80_10_10_p2_i/CRIS_R50/pred/patient0225_4CH_ES_gt_2.png,0.6188,14276.2040,7.4924,13.9403
CRIS.pytorch/exp/camus_80_10_10_p2_i/CRIS_R50/pred/patient0405_2CH_ED_gt_1.png,0.0000,19005.5255,0.0000,0.0000
CRIS.pytorch/exp/camus_80_10_10_p2_i/CRIS_R50/pred/patient0089_2CH_ED_gt_3.png,0.0000,26755.5602,0.0000,0.0000
CRIS.pytorch/exp/camus_80_10_10_p2_i/CRIS_R50/pred/patient0216_2CH_ED_gt_1.png,0.0000,17128.3391,0.0000,0.0000
CRIS.pytorch/exp/camus_80_10_10_p2_i/CRIS_R50/pred/patient0191_2CH_ES_gt_1.png,0.0000,17951.3231,0.0000,0.0000
CRIS.pytorch/exp/camus_80_10_10_p2_i/CRIS_R50/pred/patient0387_2CH_ED_gt_1.png,0.0000,17256.8827,0.0000,0.0000
CRIS.pytorch/exp/camus_80_10_10_p2_i/CRIS_R50/pred/patient0187_4CH_ED_gt_1.png,0.0000,16130.7160,0.0000,0.0000
CRIS.pytorch/exp/camus_80_10_10_p2_i/CRIS_R50/pred/patient0318_4CH_ED_gt_1.png,0.0000,20579.8445,0.0000,0.0000
CRIS.pytorch/exp/camus_80_10_10_p2_i/CRIS_R50/pred/patient0449_2CH_ED_gt_1.png,0.3347,14904.0263,0.6356,1.2631
CRIS.pytorch/exp/camus_80_10_10_p2_i/CRIS_R50/pred/patient0241_4CH_ED_gt_3.png,0.0000,32300.0000,0.0000,0.0000
CRIS.pytorch/exp/camus_80_10_10_p2_i/CRIS_R50/pred/patient0301_4CH_ED_gt_1.png,1.7982,17532.8264,0.0469,0.0938
CRIS.pytorch/exp/camus_80_10_10_p2_i/CRIS_R50/pred/patient0419_4CH_ES_gt_1.png,0.0000,21311.4992,0.0000,0.0000
CRIS.pytorch/exp/camus_80_10_10_p2_i/CRIS_R50/pred/patient0123_4CH_ED_gt_3.png,0.0000,28020.3497,0.0000,0.0000
CRIS.pytorch/exp/camus_80_10_10_p2_i/CRIS_R50/pred/patient0387_2CH_ED_gt_2.png,0.5269,10600.4717,14.1310,24.7627
CRIS.pytorch/exp/camus_80_10_10_p2_i/CRIS_R50/pred/patient0089_2CH_ES_gt_1.png,0.0000,16780.0477,0.0000,0.0000
CRIS.pytorch/exp/camus_80_10_10_p2_i/CRIS_R50/pred/patient0405_4CH_ED_gt_3.png,0.0000,24682.9901,0.0000,0.0000
CRIS.pytorch/exp/camus_80_10_10_p2_i/CRIS_R50/pred/patient0120_2CH_ES_gt_1.png,0.0000,17713.2719,0.0000,0.0000
CRIS.pytorch/exp/camus_80_10_10_p2_i/CRIS_R50/pred/patient0400_4CH_ES_gt_1.png,0.0000,17112.8607,0.0000,0.0000
CRIS.pytorch/exp/camus_80_10_10_p2_i/CRIS_R50/pred/patient0354_2CH_ED_gt_1.png,0.4950,18500.0000,0.8199,1.6265
CRIS.pytorch/exp/camus_80_10_10_p2_i/CRIS_R50/pred/patient0134_4CH_ED_gt_1.png,0.0000,22877.9370,0.0000,0.0000
CRIS.pytorch/exp/camus_80_10_10_p2_i/CRIS_R50/pred/patient0017_2CH_ED_gt_2.png,3.9533,8400.0000,10.1384,18.4103
CRIS.pytorch/exp/camus_80_10_10_p2_i/CRIS_R50/pred/patient0031_2CH_ED_gt_3.png,0.0000,24052.6506,0.0000,0.0000
CRIS.pytorch/exp/camus_80_10_10_p2_i/CRIS_R50/pred/patient0042_4CH_ED_gt_1.png,0.0000,19137.6592,0.0000,0.0000
CRIS.pytorch/exp/camus_80_10_10_p2_i/CRIS_R50/pred/patient0187_2CH_ED_gt_3.png,0.0000,32314.8573,0.0000,0.0000
CRIS.pytorch/exp/camus_80_10_10_p2_i/CRIS_R50/pred/patient0301_4CH_ES_gt_2.png,0.6671,17149.3440,5.9411,11.2159
CRIS.pytorch/exp/camus_80_10_10_p2_i/CRIS_R50/pred/patient0392_2CH_ES_gt_3.png,0.0000,22208.1066,0.0000,0.0000
CRIS.pytorch/exp/camus_80_10_10_p2_i/CRIS_R50/pred/patient0197_4CH_ED_gt_1.png,0.0000,22965.1911,0.0000,0.0000
CRIS.pytorch/exp/camus_80_10_10_p2_i/CRIS_R50/pred/patient0071_4CH_ED_gt_3.png,0.0000,25033.7772,0.0000,0.0000
CRIS.pytorch/exp/camus_80_10_10_p2_i/CRIS_R50/pred/patient0031_2CH_ES_gt_2.png,1.1272,6200.0000,26.6688,42.1079
CRIS.pytorch/exp/camus_80_10_10_p2_i/CRIS_R50/pred/patient0017_2CH_ES_gt_3.png,0.0000,20479.5019,0.0000,0.0000
CRIS.pytorch/exp/camus_80_10_10_p2_i/CRIS_R50/pred/patient0198_2CH_ED_gt_1.png,0.0000,19500.0000,0.0000,0.0000
CRIS.pytorch/exp/camus_80_10_10_p2_i/CRIS_R50/pred/patient0120_2CH_ES_gt_2.png,1.1799,13121.3566,16.2536,27.9624
CRIS.pytorch/exp/camus_80_10_10_p2_i/CRIS_R50/pred/patient0405_2CH_ED_gt_3.png,0.0000,24960.9695,0.0000,0.0000
CRIS.pytorch/exp/camus_80_10_10_p2_i/CRIS_R50/pred/patient0211_2CH_ED_gt_1.png,0.0000,24992.9990,0.0000,0.0000
CRIS.pytorch/exp/camus_80_10_10_p2_i/CRIS_R50/pred/patient0310_2CH_ED_gt_1.png,0.0000,18024.7053,0.0000,0.0000
CRIS.pytorch/exp/camus_80_10_10_p2_i/CRIS_R50/pred/patient0031_4CH_ED_gt_2.png,0.1928,14338.7587,9.8291,17.8990
CRIS.pytorch/exp/camus_80_10_10_p2_i/CRIS_R50/pred/patient0216_4CH_ED_gt_1.png,0.0000,17318.4872,0.0000,0.0000
CRIS.pytorch/exp/camus_80_10_10_p2_i/CRIS_R50/pred/patient0301_2CH_ED_gt_3.png,0.0000,25597.6561,0.0000,0.0000
CRIS.pytorch/exp/camus_80_10_10_p2_i/CRIS_R50/pred/patient0046_4CH_ES_gt_2.png,0.4399,13102.6715,11.1923,20.1315
CRIS.pytorch/exp/camus_80_10_10_p2_i/CRIS_R50/pred/patient0216_2CH_ES_gt_3.png,0.0000,22487.7745,0.0000,0.0000
CRIS.pytorch/exp/camus_80_10_10_p2_i/CRIS_R50/pred/patient0270_2CH_ED_gt_2.png,0.8381,10621.2052,14.7973,25.7799
CRIS.pytorch/exp/camus_80_10_10_p2_i/CRIS_R50/pred/patient0400_2CH_ES_gt_1.png,0.0000,18147.1761,0.0000,0.0000
CRIS.pytorch/exp/camus_80_10_10_p2_i/CRIS_R50/pred/patient0270_4CH_ED_gt_1.png,0.0000,17754.4361,0.0000,0.0000
CRIS.pytorch/exp/camus_80_10_10_p2_i/CRIS_R50/pred/patient0191_4CH_ES_gt_3.png,0.0000,27391.2395,0.0000,0.0000
CRIS.pytorch/exp/camus_80_10_10_p2_i/CRIS_R50/pred/patient0089_4CH_ES_gt_1.png,0.0000,16378.3394,0.0000,0.0000
CRIS.pytorch/exp/camus_80_10_10_p2_i/CRIS_R50/pred/patient0052_4CH_ES_gt_1.png,0.9497,8631.3383,1.7968,3.5302
CRIS.pytorch/exp/camus_80_10_10_p2_i/CRIS_R50/pred/patient0031_4CH_ED_gt_1.png,0.0000,16534.2070,0.0000,0.0000
CRIS.pytorch/exp/camus_80_10_10_p2_i/CRIS_R50/pred/patient0387_4CH_ED_gt_1.png,0.0000,17786.7929,0.0000,0.0000
CRIS.pytorch/exp/camus_80_10_10_p2_i/CRIS_R50/pred/patient0031_4CH_ES_gt_2.png,0.6527,15300.0000,6.6706,12.5069
CRIS.pytorch/exp/camus_80_10_10_p2_i/CRIS_R50/pred/patient0191_4CH_ED_gt_3.png,0.0000,29869.0475,0.0000,0.0000
CRIS.pytorch/exp/camus_80_10_10_p2_i/CRIS_R50/pred/patient0042_4CH_ES_gt_3.png,0.0000,26617.6633,0.0000,0.0000
CRIS.pytorch/exp/camus_80_10_10_p2_i/CRIS_R50/pred/patient0086_2CH_ES_gt_2.png,0.6618,14610.2704,10.5823,19.1391
CRIS.pytorch/exp/camus_80_10_10_p2_i/CRIS_R50/pred/patient0419_4CH_ES_gt_3.png,0.0000,32078.1857,0.0000,0.0000
CRIS.pytorch/exp/camus_80_10_10_p2_i/CRIS_R50/pred/patient0392_4CH_ED_gt_1.png,0.0000,17520.8447,0.0000,0.0000
CRIS.pytorch/exp/camus_80_10_10_p2_i/CRIS_R50/pred/patient0187_4CH_ED_gt_2.png,1.6497,13277.4244,11.0056,19.8288
CRIS.pytorch/exp/camus_80_10_10_p2_i/CRIS_R50/pred/patient0046_2CH_ED_gt_1.png,0.0000,16548.4138,0.0000,0.0000
CRIS.pytorch/exp/camus_80_10_10_p2_i/CRIS_R50/pred/patient0187_2CH_ES_gt_3.png,0.0000,23321.2350,0.0000,0.0000
CRIS.pytorch/exp/camus_80_10_10_p2_i/CRIS_R50/pred/patient0241_4CH_ES_gt_3.png,0.0000,30817.6897,0.0000,0.0000
CRIS.pytorch/exp/camus_80_10_10_p2_i/CRIS_R50/pred/patient0042_2CH_ES_gt_2.png,1.1387,12808.2005,12.0559,21.5177
CRIS.pytorch/exp/camus_80_10_10_p2_i/CRIS_R50/pred/patient0443_2CH_ES_gt_3.png,0.0000,28447.8470,0.0000,0.0000
CRIS.pytorch/exp/camus_80_10_10_p2_i/CRIS_R50/pred/patient0046_2CH_ED_gt_3.png,0.0000,21863.4398,0.0000,0.0000
CRIS.pytorch/exp/camus_80_10_10_p2_i/CRIS_R50/pred/patient0400_2CH_ED_gt_1.png,0.5613,19809.3412,0.0907,0.1812
CRIS.pytorch/exp/camus_80_10_10_p2_i/CRIS_R50/pred/patient0318_2CH_ED_gt_3.png,0.0000,29998.1666,0.0000,0.0000
CRIS.pytorch/exp/camus_80_10_10_p2_i/CRIS_R50/pred/patient0400_2CH_ES_gt_3.png,0.0000,28348.0158,0.0000,0.0000
CRIS.pytorch/exp/camus_80_10_10_p2_i/CRIS_R50/pred/patient0052_2CH_ED_gt_2.png,4.5929,6529.9311,5.7260,10.8317
CRIS.pytorch/exp/camus_80_10_10_p2_i/CRIS_R50/pred/patient0120_2CH_ES_gt_3.png,0.0000,21644.8608,0.0000,0.0000
CRIS.pytorch/exp/camus_80_10_10_p2_i/CRIS_R50/pred/patient0328_2CH_ES_gt_2.png,0.9877,11498.2607,15.9405,27.4978
CRIS.pytorch/exp/camus_80_10_10_p2_i/CRIS_R50/pred/patient0449_2CH_ED_gt_3.png,0.0000,25678.3956,0.0000,0.0000
CRIS.pytorch/exp/camus_80_10_10_p2_i/CRIS_R50/pred/patient0046_2CH_ED_gt_2.png,2.3256,3517.1011,11.8650,21.2131
CRIS.pytorch/exp/camus_80_10_10_p2_i/CRIS_R50/pred/patient0031_2CH_ES_gt_1.png,0.0000,15192.4323,0.0000,0.0000
CRIS.pytorch/exp/camus_80_10_10_p2_i/CRIS_R50/pred/patient0211_2CH_ED_gt_3.png,0.0000,34205.2628,0.0000,0.0000
CRIS.pytorch/exp/camus_80_10_10_p2_i/CRIS_R50/pred/patient0419_4CH_ED_gt_2.png,0.8996,11772.0007,19.9480,33.2611
CRIS.pytorch/exp/camus_80_10_10_p2_i/CRIS_R50/pred/patient0102_4CH_ES_gt_1.png,0.0000,16825.2786,0.0000,0.0000
CRIS.pytorch/exp/camus_80_10_10_p2_i/CRIS_R50/pred/patient0032_4CH_ES_gt_1.png,0.0000,19633.1353,0.0000,0.0000
CRIS.pytorch/exp/camus_80_10_10_p2_i/CRIS_R50/pred/patient0198_4CH_ES_gt_1.png,0.0000,17582.3775,0.0000,0.0000
CRIS.pytorch/exp/camus_80_10_10_p2_i/CRIS_R50/pred/patient0368_2CH_ES_gt_1.png,0.0000,17172.3615,0.0000,0.0000
CRIS.pytorch/exp/camus_80_10_10_p2_i/CRIS_R50/pred/patient0392_2CH_ES_gt_1.png,0.0000,15953.9964,0.0000,0.0000
CRIS.pytorch/exp/camus_80_10_10_p2_i/CRIS_R50/pred/patient0187_2CH_ES_gt_1.png,0.0000,20057.1683,0.0000,0.0000
CRIS.pytorch/exp/camus_80_10_10_p2_i/CRIS_R50/pred/patient0270_4CH_ES_gt_3.png,0.0000,26193.8924,0.0000,0.0000
CRIS.pytorch/exp/camus_80_10_10_p2_i/CRIS_R50/pred/patient0034_4CH_ED_gt_2.png,1.5100,8254.0899,15.7146,27.1610
CRIS.pytorch/exp/camus_80_10_10_p2_i/CRIS_R50/pred/patient0395_4CH_ES_gt_1.png,0.0000,20194.3061,0.0000,0.0000
CRIS.pytorch/exp/camus_80_10_10_p2_i/CRIS_R50/pred/patient0405_4CH_ES_gt_2.png,0.5373,16614.7525,12.1570,21.6785
CRIS.pytorch/exp/camus_80_10_10_p2_i/CRIS_R50/pred/patient0134_4CH_ES_gt_1.png,0.0000,21558.5250,0.0000,0.0000
CRIS.pytorch/exp/camus_80_10_10_p2_i/CRIS_R50/pred/patient0323_2CH_ED_gt_2.png,1.7544,5842.0887,27.2865,42.8741
CRIS.pytorch/exp/camus_80_10_10_p2_i/CRIS_R50/pred/patient0032_4CH_ED_gt_3.png,0.0000,27197.4263,0.0000,0.0000
CRIS.pytorch/exp/camus_80_10_10_p2_i/CRIS_R50/pred/patient0328_2CH_ED_gt_1.png,0.0000,18722.4464,0.0000,0.0000
CRIS.pytorch/exp/camus_80_10_10_p2_i/CRIS_R50/pred/patient0032_4CH_ES_gt_2.png,0.5356,17129.2148,5.9934,11.3090
CRIS.pytorch/exp/camus_80_10_10_p2_i/CRIS_R50/pred/patient0111_4CH_ES_gt_1.png,0.0000,18216.7505,0.0000,0.0000
CRIS.pytorch/exp/camus_80_10_10_p2_i/CRIS_R50/pred/patient0178_2CH_ES_gt_1.png,0.0000,20886.5986,0.0000,0.0000
CRIS.pytorch/exp/camus_80_10_10_p2_i/CRIS_R50/pred/patient0443_2CH_ED_gt_1.png,0.4992,18194.5047,0.2775,0.5534
CRIS.pytorch/exp/camus_80_10_10_p2_i/CRIS_R50/pred/patient0225_4CH_ES_gt_1.png,0.0000,16113.6588,0.0000,0.0000
CRIS.pytorch/exp/camus_80_10_10_p2_i/CRIS_R50/pred/patient0270_4CH_ED_gt_3.png,0.0000,27517.6307,0.0000,0.0000
CRIS.pytorch/exp/camus_80_10_10_p2_i/CRIS_R50/pred/patient0032_2CH_ES_gt_1.png,0.0000,20172.5060,0.0000,0.0000
CRIS.pytorch/exp/camus_80_10_10_p2_i/CRIS_R50/pred/patient0102_4CH_ED_gt_1.png,0.0000,17112.8607,0.0000,0.0000
CRIS.pytorch/exp/camus_80_10_10_p2_i/CRIS_R50/pred/patient0405_4CH_ES_gt_1.png,0.0000,17805.8979,0.0000,0.0000
CRIS.pytorch/exp/camus_80_10_10_p2_i/CRIS_R50/pred/patient0086_2CH_ED_gt_1.png,0.0000,16105.8995,0.0000,0.0000
CRIS.pytorch/exp/camus_80_10_10_p2_i/CRIS_R50/pred/patient0354_4CH_ED_gt_2.png,1.9714,8521.1502,17.8561,30.3015
CRIS.pytorch/exp/camus_80_10_10_p2_i/CRIS_R50/pred/patient0211_4CH_ES_gt_1.png,0.0000,19860.0101,0.0000,0.0000
CRIS.pytorch/exp/camus_80_10_10_p2_i/CRIS_R50/pred/patient0198_2CH_ES_gt_1.png,0.0000,17564.1681,0.0000,0.0000
CRIS.pytorch/exp/camus_80_10_10_p2_i/CRIS_R50/pred/patient0197_2CH_ED_gt_2.png,0.7380,12495.1991,22.1625,36.2836
CRIS.pytorch/exp/camus_80_10_10_p2_i/CRIS_R50/pred/patient0419_4CH_ED_gt_1.png,0.0000,21294.1306,0.0000,0.0000
CRIS.pytorch/exp/camus_80_10_10_p2_i/CRIS_R50/pred/patient0241_4CH_ES_gt_2.png,1.6760,7925.9069,19.8036,33.0601
CRIS.pytorch/exp/camus_80_10_10_p2_i/CRIS_R50/pred/patient0102_2CH_ED_gt_3.png,0.0000,24271.1763,0.0000,0.0000
CRIS.pytorch/exp/camus_80_10_10_p2_i/CRIS_R50/pred/patient0443_2CH_ED_gt_3.png,0.0000,29696.6328,0.0000,0.0000
CRIS.pytorch/exp/camus_80_10_10_p2_i/CRIS_R50/pred/patient0031_2CH_ES_gt_3.png,0.0000,22541.7391,0.0000,0.0000
CRIS.pytorch/exp/camus_80_10_10_p2_i/CRIS_R50/pred/patient0208_2CH_ED_gt_1.png,0.0000,20829.0662,0.0000,0.0000
CRIS.pytorch/exp/camus_80_10_10_p2_i/CRIS_R50/pred/patient0354_2CH_ES_gt_1.png,0.0000,17786.7929,0.0000,0.0000
CRIS.pytorch/exp/camus_80_10_10_p2_i/CRIS_R50/pred/patient0310_4CH_ED_gt_3.png,0.0000,30480.9777,0.0000,0.0000
CRIS.pytorch/exp/camus_80_10_10_p2_i/CRIS_R50/pred/patient0449_2CH_ED_gt_2.png,0.5513,9618.7317,19.1964,32.2097
CRIS.pytorch/exp/camus_80_10_10_p2_i/CRIS_R50/pred/patient0198_2CH_ED_gt_2.png,0.5456,9442.9868,20.5036,34.0299
